# Error as function of iteration number for Sphere, Ackley, and Rastrigin functions
# Dimension: 6
# Particles: 62
# Inertia: 0.6571
# C_1: 1.6319
# C_2: 0.6239
Iterations,Sphere_serial,Rastrigin_serial,Ackley_serial,Sphere_parallel,Rastrigin_parllel,Ackley_parallel
0,1870.46,59.6662,15.5898,4421.04,47.9943,18.4782
10,69.6446,18.5683,5.27632,111.216,22.3801,6.40241
20,1.11062,6.72593,2.09246,4.7552,16.9724,2.71408
30,0.0214597,2.66721,0.216539,0.150883,11.4912,0.391382
40,0.000766159,2.01698,0.0222063,0.0127755,9.58625,0.0433389
50,8.26146e-06,1.05227,0.00330937,0.000514248,8.16602,0.0141004
60,2.72151e-07,1.02878,0.000320056,2.35721e-05,8.16602,0.00458429
70,8.59277e-09,1.00943,0.000123438,1.10179e-06,8.16602,0.000712218
80,6.13246e-11,0.998438,9.48264e-06,4.177e-08,6.68195,0.000336164
90,7.14181e-12,0.995188,2.35678e-06,2.64868e-09,6.04451,0.000132632
100,2.33634e-13,0.994965,3.10237e-07,3.23946e-11,2.58995,2.60877e-05
110,7.60486e-15,0.994959,3.69854e-08,3.58618e-12,2.49174,1.19925e-05
120,1.91394e-16,0.994959,5.35119e-09,2.6693e-13,2.42045,2.59897e-06
130,3.21333e-18,0.994959,1.01992e-09,2.26444e-14,2.35059,5.19253e-07
140,1.49557e-19,0.994959,2.15209e-10,9.86159e-16,2.3393,9.21827e-08
150,3.27447e-21,0.994959,4.01634e-11,3.4094e-17,2.3393,2.42702e-08
160,1.01813e-22,0.994959,9.71312e-12,1.18498e-18,2.3393,5.40992e-09
170,1.43083e-24,0.994959,1.52411e-12,7.02664e-20,2.3393,1.86949e-09
180,9.09474e-26,0.994959,2.45137e-13,2.79997e-21,2.3393,4.42462e-10
190,4.51793e-27,0.994959,4.61853e-14,3.00155e-22,2.3393,5.10703e-11
200,8.69418e-29,0.994959,7.10543e-15,8.05584e-24,2.3393,1.1152e-11
210,8.13644e-30,0.994959,3.55271e-15,6.87512e-25,2.3393,2.17781e-12
220,1.0398e-31,0.994959,3.55271e-15,1.08549e-25,2.17819,5.18696e-13
230,6.43694e-33,0.994959,3.55271e-15,4.47763e-27,2.17819,3.2685e-13
240,1.66869e-34,0.994959,3.55271e-15,5.7307e-28,2.17819,7.10543e-14
250,6.9762e-36,0.994959,3.55271e-15,1.72111e-29,2.17819,2.13163e-14
260,1.46424e-37,0.994959,3.55271e-15,9.56004e-31,2.17819,7.10543e-15
270,1.33668e-39,0.994959,3.55271e-15,5.71939e-32,2.17819,3.55271e-15
280,1.16232e-40,0.994959,3.55271e-15,3.374e-33,2.10333,3.55271e-15
290,3.65204e-42,0.994959,3.55271e-15,1.01149e-34,2.0974,3.55271e-15
300,7.13266e-44,0.994959,3.55271e-15,1.41025e-35,2.0974,3.55271e-15
310,2.28563e-45,0.994959,3.55271e-15,1.28742e-36,2.0974,3.55271e-15
320,1.68469e-47,0.994959,3.55271e-15,2.2375e-38,2.0974,3.55271e-15
330,2.19659e-48,0.994959,3.55271e-15,9.48669e-40,2.07092,3.55271e-15
340,5.84031e-50,0.994959,3.55271e-15,1.39839e-40,2.07092,3.55271e-15
350,1.98619e-51,0.994959,3.55271e-15,2.03245e-41,2.07092,3.55271e-15
360,2.63748e-53,0.994959,3.55271e-15,1.28144e-42,2.07092,3.55271e-15
370,8.04244e-55,0.994959,3.55271e-15,4.46219e-44,2.07092,3.55271e-15
380,9.03918e-56,0.994959,3.55271e-15,2.63103e-45,2.07092,3.55271e-15
390,4.96928e-57,0.994959,3.55271e-15,3.63348e-46,2.07092,3.55271e-15
400,1.69085e-59,0.994959,3.55271e-15,1.29042e-47,2.06418,3.55271e-15
410,1.56969e-60,0.994959,3.55271e-15,1.04582e-48,2.0244,3.55271e-15
420,6.7277e-62,0.994959,3.55271e-15,4.4358e-50,2.0244,3.55271e-15
430,2.62876e-64,0.994959,3.55271e-15,8.70914e-51,2.0244,3.55271e-15
440,5.08861e-65,0.994959,3.55271e-15,4.72708e-52,2.0244,3.55271e-15
450,3.22279e-66,0.994959,3.55271e-15,4.22474e-53,2.0244,3.55271e-15
460,9.50681e-68,0.994959,3.55271e-15,1.16872e-54,2.0244,3.55271e-15
470,2.29594e-69,0.994959,3.55271e-15,2.54401e-55,2.0244,3.55271e-15
480,2.09599e-70,0.994959,3.55271e-15,1.58567e-56,2.0244,0
490,1.73201e-72,0.994959,3.55271e-15,3.13433e-58,2.0244,0
500,7.94408e-74,0.994959,3.55271e-15,3.23207e-59,2.01017,0
510,5.70021e-75,0.994959,3.55271e-15,4.76531e-61,2.01017,0
520,2.79245e-76,0.994959,3.55271e-15,3.79695e-62,1.275,0
530,2.02406e-78,0.994959,3.55271e-15,3.16808e-63,1.275,0
540,8.85212e-80,0.994959,3.55271e-15,2.13618e-64,1.275,0
550,3.0663e-81,0.00459815,3.55271e-15,3.72794e-65,1.275,0
560,3.32151e-83,0.00164856,3.55271e-15,3.10395e-66,1.275,0
570,2.59226e-84,0.000313169,3.55271e-15,2.01246e-67,1.275,0
580,6.1003e-86,4.60692e-05,3.55271e-15,4.23671e-69,1.275,0
590,7.43129e-87,2.64219e-06,3.55271e-15,5.71453e-70,1.275,0
600,6.56973e-89,3.80165e-07,3.55271e-15,1.21093e-71,1.275,0
610,1.89399e-90,4.23333e-08,3.55271e-15,7.22461e-73,1.275,0
620,1.88943e-91,3.28907e-08,3.55271e-15,2.99101e-74,1.275,0
630,4.35384e-93,2.7451e-08,3.55271e-15,3.72174e-75,1.275,0
640,2.21241e-95,1.53664e-08,3.55271e-15,1.64754e-76,1.275,0
650,2.46267e-96,7.03096e-10,3.55271e-15,2.31578e-77,1.275,0
660,1.17284e-97,2.28937e-11,3.55271e-15,1.05882e-78,1.275,0
670,4.32896e-99,3.83693e-13,3.55271e-15,8.38046e-80,0.844145,0
680,2.30812e-100,0,3.55271e-15,5.94071e-81,0.637873,0
690,8.19263e-102,0,3.55271e-15,2.08765e-82,0.637873,0
700,2.79798e-103,0,3.55271e-15,1.11123e-83,0.637873,0
710,4.58056e-105,0,3.55271e-15,2.7274e-85,0.439495,0
720,1.14265e-106,0,3.55271e-15,3.62851e-86,0.439495,0
730,4.93104e-109,0,3.55271e-15,1.08681e-87,0.439495,0
740,6.84156e-110,0,3.55271e-15,9.36548e-89,0.338253,0
750,3.56005e-111,0,3.55271e-15,5.30935e-90,0.338253,0
760,2.32827e-112,0,3.55271e-15,1.61645e-91,0.126417,0
770,5.1201e-114,0,3.55271e-15,6.12528e-93,0.0890061,0
780,3.65407e-115,0,3.55271e-15,5.844e-94,0.0573799,0
790,2.70924e-117,0,3.55271e-15,7.14236e-95,0.033872,0
800,1.31109e-118,0,3.55271e-15,2.36143e-96,0.0174496,0
810,2.03883e-120,0,3.55271e-15,7.14234e-98,0.00293166,0
820,5.46344e-121,0,3.55271e-15,2.08163e-98,0.00275903,0
830,3.77118e-123,0,3.55271e-15,4.88186e-100,0.00275903,0
840,1.66504e-124,0,3.55271e-15,1.5818e-101,0.00269916,0
850,5.04926e-126,0,3.55271e-15,3.77077e-103,0.00269916,0
860,2.11319e-127,0,3.55271e-15,2.1429e-104,0.000143274,0
870,8.67246e-129,0,3.55271e-15,2.94988e-105,0.000106161,0
880,7.40059e-131,0,3.55271e-15,8.01851e-107,6.81719e-05,0
890,1.55907e-131,0,3.55271e-15,3.06631e-108,6.81719e-05,0
900,5.66519e-133,0,3.55271e-15,1.30365e-109,6.81719e-05,0
910,1.20658e-134,0,3.55271e-15,5.49976e-110,6.81719e-05,0
920,2.85462e-136,0,3.55271e-15,1.20313e-111,6.81719e-05,0
930,2.33372e-137,0,3.55271e-15,1.03679e-112,6.81719e-05,0
940,2.83628e-139,0,3.55271e-15,3.61039e-113,6.81719e-05,0
950,3.35052e-140,0,3.55271e-15,3.1791e-114,6.81719e-05,0
960,1.36365e-142,0,3.55271e-15,5.92409e-115,6.81719e-05,0
970,1.55742e-143,0,3.55271e-15,7.28636e-116,6.81719e-05,0
980,3.57908e-145,0,3.55271e-15,4.04186e-117,6.81719e-05,0
990,4.44931e-147,0,3.55271e-15,9.95697e-119,6.81719e-05,0
1000,1.81452e-148,0,3.55271e-15,6.8012e-120,6.81719e-05,0
1010,5.81466e-150,0,3.55271e-15,1.19512e-120,6.81719e-05,0
1020,2.635e-151,0,3.55271e-15,2.42147e-122,6.81719e-05,0
1030,4.04195e-153,0,3.55271e-15,1.0972e-123,6.81719e-05,0
1040,3.74983e-154,0,3.55271e-15,9.62217e-125,6.81719e-05,0
1050,1.43508e-155,0,3.55271e-15,5.43809e-126,6.81719e-05,0
1060,4.26423e-157,0,3.55271e-15,3.10412e-127,2.59951e-05,0
1070,2.59633e-159,0,3.55271e-15,4.31712e-128,2.36194e-05,0
1080,1.13451e-160,0,3.55271e-15,1.15193e-129,1.9835e-05,0
1090,2.04028e-162,0,3.55271e-15,5.04229e-131,1.53717e-05,0
1100,5.13209e-164,0,3.55271e-15,6.39372e-132,9.9461e-06,0
1110,3.5222e-165,0,3.55271e-15,9.21966e-134,9.5908e-06,0
1120,1.24428e-166,0,3.55271e-15,1.38599e-134,7.19294e-06,0
1130,1.81376e-168,0,3.55271e-15,2.0689e-135,6.50507e-06,0
1140,8.15163e-170,0,3.55271e-15,3.1872e-136,2.66271e-06,0
1150,1.63742e-171,0,3.55271e-15,8.55093e-138,2.15588e-06,0
1160,4.94131e-173,0,0,1.82468e-139,1.96776e-06,0
1170,4.16e-174,0,0,1.2365e-140,1.91564e-06,0
1180,8.94704e-176,0,0,2.15693e-141,1.91564e-06,0
1190,9.42738e-178,0,0,1.94868e-142,1.58599e-06,0
1200,5.10901e-179,0,0,1.03792e-143,1.51655e-06,0
1210,1.94491e-180,0,0,7.51397e-145,1.51655e-06,0
1220,5.55375e-182,0,0,1.20036e-146,1.51655e-06,0
1230,3.18406e-183,0,0,1.29765e-147,3.61774e-07,0
1240,4.94092e-185,0,0,1.22557e-148,3.61774e-07,0
1250,1.10093e-186,0,0,7.45031e-150,3.61774e-07,0
1260,4.85075e-188,0,0,1.75973e-151,3.61774e-07,0
1270,1.53696e-189,0,0,5.60212e-153,3.61774e-07,0
1280,9.30275e-191,0,0,1.07345e-153,6.3427e-08,0
1290,1.60154e-192,0,0,3.72538e-155,6.3427e-08,0
1300,1.86313e-193,0,0,4.87989e-156,4.56524e-08,0
1310,9.91096e-195,0,0,6.56529e-158,4.56524e-08,0
1320,3.4798e-196,0,0,1.11116e-158,1.47163e-08,0
1330,9.40037e-198,0,0,2.0283e-160,2.8101e-09,0
1340,5.11546e-199,0,0,7.26189e-162,1.18138e-09,0
1350,6.55273e-201,0,0,4.18247e-163,7.63919e-10,0
1360,3.94477e-202,0,0,5.88977e-164,3.36975e-10,0
1370,6.06291e-204,0,0,6.79256e-165,1.8106e-10,0
1380,3.71789e-205,0,0,3.20664e-166,1.77927e-10,0
1390,1.3886e-206,0,0,5.01785e-168,1.69933e-10,0
1400,1.35982e-208,0,0,7.89062e-169,1.69933e-10,0
1410,2.00498e-209,0,0,4.24164e-170,1.66594e-10,0
1420,4.39983e-211,0,0,7.1476e-171,1.66594e-10,0
1430,1.66318e-212,0,0,4.63515e-173,1.66594e-10,0
1440,5.78353e-214,0,0,7.82959e-175,1.55723e-10,0
1450,2.19169e-215,0,0,1.36481e-175,3.0056e-11,0
1460,3.1775e-216,0,0,3.01327e-176,1.84812e-11,0
1470,7.03015e-218,0,0,4.62836e-177,1.08002e-11,0
1480,1.65188e-219,0,0,1.22592e-178,7.92966e-12,0
1490,3.93057e-221,0,0,4.57948e-180,7.54596e-12,0
1500,2.26218e-222,0,0,9.0439e-182,2.41585e-12,0
1510,4.92911e-224,0,0,9.61951e-183,3.97904e-13,0
1520,1.48438e-225,0,0,3.53698e-184,3.69482e-13,0
1530,6.68022e-227,0,0,1.73228e-185,3.62377e-13,0
1540,2.2627e-228,0,0,7.50525e-186,3.55271e-13,0
1550,9.20523e-230,0,0,2.27376e-187,3.55271e-13,0
1560,1.35154e-231,0,0,9.0035e-189,3.55271e-13,0
1570,8.5435e-233,0,0,2.44958e-189,3.55271e-13,0
1580,1.33214e-234,0,0,1.20704e-190,3.55271e-13,0
1590,1.22294e-235,0,0,5.9428e-192,2.84217e-13,0
1600,3.57783e-237,0,0,1.18789e-193,2.4869e-13,0
1610,8.02283e-239,0,0,9.85714e-195,2.41585e-13,0
1620,3.15518e-240,0,0,5.77724e-196,1.56319e-13,0
1630,5.88146e-242,0,0,2.88809e-197,4.9738e-14,0
1640,3.14648e-243,0,0,1.95362e-198,3.55271e-14,0
1650,1.62382e-244,0,0,1.6411e-199,3.55271e-14,0
1660,4.61581e-246,0,0,5.43142e-201,3.55271e-14,0
1670,1.20612e-247,0,0,1.44512e-202,2.84217e-14,0
1680,1.17342e-248,0,0,1.45328e-203,2.84217e-14,0
1690,1.88024e-250,0,0,4.56495e-205,2.84217e-14,0
1700,5.09388e-252,0,0,3.62638e-206,2.84217e-14,0
1710,6.80717e-254,0,0,4.29651e-208,2.84217e-14,0
1720,4.3908e-255,0,0,5.91776e-209,1.42109e-14,0
1730,2.0025e-256,0,0,2.17319e-210,1.42109e-14,0
1740,1.89728e-258,0,0,2.15141e-211,1.42109e-14,0
1750,9.13407e-260,0,0,3.69459e-213,1.42109e-14,0
1760,3.974e-261,0,0,1.6627e-214,1.42109e-14,0
1770,7.13817e-263,0,0,2.1677e-215,1.42109e-14,0
1780,1.51076e-264,0,0,1.21475e-216,1.42109e-14,0
1790,1.62731e-265,0,0,1.00707e-217,1.42109e-14,0
1800,8.45314e-267,0,0,2.61723e-219,1.42109e-14,0
1810,4.19195e-268,0,0,3.25828e-220,1.42109e-14,0
1820,6.51437e-270,0,0,2.44699e-222,7.10543e-15,0
1830,4.73751e-271,0,0,4.72108e-223,7.10543e-15,0
1840,1.1005e-272,0,0,4.52704e-224,0,0
1850,4.44258e-274,0,0,2.80682e-225,0,0
1860,3.77096e-276,0,0,5.04753e-226,0,0
1870,4.61656e-277,0,0,1.3584e-227,0,0
1880,5.92232e-279,0,0,1.17676e-228,0,0
1890,3.58795e-280,0,0,3.93523e-230,0,0
1900,6.25646e-282,0,0,3.34237e-231,0,0
1910,1.00638e-282,0,0,9.34841e-233,0,0
1920,3.17274e-284,0,0,1.00487e-233,0,0
1930,2.05077e-285,0,0,3.54231e-235,0,0
1940,8.80435e-287,0,0,1.43637e-236,0,0
1950,1.37233e-288,0,0,1.14629e-237,0,0
1960,2.66816e-290,0,0,6.69223e-239,0,0
1970,1.06549e-291,0,0,3.67206e-240,0,0
1980,2.03143e-293,0,0,1.93671e-241,0,0
1990,1.36452e-294,0,0,6.04027e-243,0,0
2000,4.6067e-297,0,0,5.23956e-244,0,0
2010,6.38123e-298,0,0,1.31386e-245,0,0
2020,1.22239e-299,0,0,1.38418e-246,0,0
2030,2.47282e-301,0,0,8.02372e-248,0,0
2040,6.24683e-303,0,0,5.13609e-249,0,0
2050,1.87825e-304,0,0,2.08434e-250,0,0
2060,1.57427e-305,0,0,8.57147e-252,0,0
2070,4.51185e-307,0,0,2.83289e-253,0,0
2080,1.23495e-308,0,0,2.05255e-254,0,0
2090,2.96974e-310,0,0,2.19085e-255,0,0
2100,1.02212e-311,0,0,4.58671e-257,0,0
2110,3.82053e-313,0,0,2.41003e-258,0,0
2120,4.95923e-314,0,0,1.0255e-259,0,0
2130,1.1814e-315,0,0,5.12353e-261,0,0
2140,1.86184e-316,0,0,1.65225e-261,0,0
2150,1.6694e-318,0,0,5.55587e-263,0,0
2160,4.85024e-320,0,0,1.53438e-264,0,0
2170,1.97626e-321,0,0,1.47544e-265,0,0
2180,5.43472e-323,0,0,6.78578e-267,0,0
2190,0,0,0,4.75836e-268,0,0
2200,0,0,0,1.02307e-268,0,0
2210,0,0,0,4.33415e-270,0,0
2220,0,0,0,1.79296e-271,0,0
2230,0,0,0,1.14425e-272,0,0
2240,0,0,0,6.56753e-274,0,0
2250,0,0,0,1.17624e-275,0,0
2260,0,0,0,1.23377e-276,0,0
2270,0,0,0,4.05822e-278,0,0
2280,0,0,0,3.06081e-279,0,0
2290,0,0,0,3.77812e-280,0,0
2300,0,0,0,2.66857e-281,0,0
2310,0,0,0,1.51115e-282,0,0
2320,0,0,0,3.87193e-284,0,0
2330,0,0,0,1.33253e-285,0,0
2340,0,0,0,3.43479e-287,0,0
2350,0,0,0,8.21953e-288,0,0
2360,0,0,0,3.49612e-289,0,0
2370,0,0,0,1.15736e-290,0,0
2380,0,0,0,1.65425e-291,0,0
2390,0,0,0,1.09237e-292,0,0
2400,0,0,0,4.0657e-294,0,0
2410,0,0,0,3.50538e-295,0,0
2420,0,0,0,1.17627e-296,0,0
2430,0,0,0,2.71533e-297,0,0
2440,0,0,0,2.99619e-298,0,0
2450,0,0,0,8.48016e-300,0,0
2460,0,0,0,4.11051e-301,0,0
2470,0,0,0,3.56423e-302,0,0
2480,0,0,0,1.23149e-303,0,0
2490,0,0,0,1.3862e-304,0,0
2500,0,0,0,9.53007e-306,0,0
2510,0,0,0,1.45034e-306,0,0
2520,0,0,0,4.23232e-308,0,0
2530,0,0,0,1.96357e-309,0,0
2540,0,0,0,2.79586e-310,0,0
2550,0,0,0,1.46094e-311,0,0
2560,0,0,0,2.66907e-312,0,0
2570,0,0,0,1.56331e-313,0,0
2580,0,0,0,6.99959e-315,0,0
2590,0,0,0,9.46214e-317,0,0
2600,0,0,0,4.77875e-318,0,0
2610,0,0,0,7.52956e-319,0,0
2620,0,0,0,9.35167e-320,0,0
2630,0,0,0,7.44063e-321,0,0
2640,0,0,0,3.95253e-322,0,0
2650,0,0,0,9.88131e-324,0,0
2660,0,0,0,0,0,0
2670,0,0,0,0,0,0
2680,0,0,0,0,0,0
2690,0,0,0,0,0,0
2700,0,0,0,0,0,0
2710,0,0,0,0,0,0
2720,0,0,0,0,0,0
2730,0,0,0,0,0,0
2740,0,0,0,0,0,0
2750,0,0,0,0,0,0
2760,0,0,0,0,0,0
2770,0,0,0,0,0,0
2780,0,0,0,0,0,0
2790,0,0,0,0,0,0
2800,0,0,0,0,0,0
2810,0,0,0,0,0,0
2820,0,0,0,0,0,0
2830,0,0,0,0,0,0
2840,0,0,0,0,0,0
2850,0,0,0,0,0,0
2860,0,0,0,0,0,0
2870,0,0,0,0,0,0
2880,0,0,0,0,0,0
2890,0,0,0,0,0,0
2900,0,0,0,0,0,0
2910,0,0,0,0,0,0
2920,0,0,0,0,0,0
2930,0,0,0,0,0,0
2940,0,0,0,0,0,0
2950,0,0,0,0,0,0
2960,0,0,0,0,0,0
2970,0,0,0,0,0,0
2980,0,0,0,0,0,0
2990,0,0,0,0,0,0
3000,0,0,0,0,0,0
3010,0,0,0,0,0,0
3020,0,0,0,0,0,0
3030,0,0,0,0,0,0
3040,0,0,0,0,0,0
3050,0,0,0,0,0,0
3060,0,0,0,0,0,0
3070,0,0,0,0,0,0
3080,0,0,0,0,0,0
3090,0,0,0,0,0,0
3100,0,0,0,0,0,0
3110,0,0,0,0,0,0
3120,0,0,0,0,0,0
3130,0,0,0,0,0,0
3140,0,0,0,0,0,0
3150,0,0,0,0,0,0
3160,0,0,0,0,0,0
3170,0,0,0,0,0,0
3180,0,0,0,0,0,0
3190,0,0,0,0,0,0
3200,0,0,0,0,0,0
3210,0,0,0,0,0,0
3220,0,0,0,0,0,0
3230,0,0,0,0,0,0
3240,0,0,0,0,0,0
3250,0,0,0,0,0,0
3260,0,0,0,0,0,0
3270,0,0,0,0,0,0
3280,0,0,0,0,0,0
3290,0,0,0,0,0,0
3300,0,0,0,0,0,0
3310,0,0,0,0,0,0
3320,0,0,0,0,0,0
3330,0,0,0,0,0,0
3340,0,0,0,0,0,0
3350,0,0,0,0,0,0
3360,0,0,0,0,0,0
3370,0,0,0,0,0,0
3380,0,0,0,0,0,0
3390,0,0,0,0,0,0
3400,0,0,0,0,0,0
3410,0,0,0,0,0,0
3420,0,0,0,0,0,0
3430,0,0,0,0,0,0
3440,0,0,0,0,0,0
3450,0,0,0,0,0,0
3460,0,0,0,0,0,0
3470,0,0,0,0,0,0
3480,0,0,0,0,0,0
3490,0,0,0,0,0,0
3500,0,0,0,0,0,0
3510,0,0,0,0,0,0
3520,0,0,0,0,0,0
3530,0,0,0,0,0,0
3540,0,0,0,0,0,0
3550,0,0,0,0,0,0
3560,0,0,0,0,0,0
3570,0,0,0,0,0,0
3580,0,0,0,0,0,0
3590,0,0,0,0,0,0
3600,0,0,0,0,0,0
3610,0,0,0,0,0,0
3620,0,0,0,0,0,0
3630,0,0,0,0,0,0
3640,0,0,0,0,0,0
3650,0,0,0,0,0,0
3660,0,0,0,0,0,0
3670,0,0,0,0,0,0
3680,0,0,0,0,0,0
3690,0,0,0,0,0,0
3700,0,0,0,0,0,0
3710,0,0,0,0,0,0
3720,0,0,0,0,0,0
3730,0,0,0,0,0,0
3740,0,0,0,0,0,0
3750,0,0,0,0,0,0
3760,0,0,0,0,0,0
3770,0,0,0,0,0,0
3780,0,0,0,0,0,0
3790,0,0,0,0,0,0
3800,0,0,0,0,0,0
3810,0,0,0,0,0,0
3820,0,0,0,0,0,0
3830,0,0,0,0,0,0
3840,0,0,0,0,0,0
3850,0,0,0,0,0,0
3860,0,0,0,0,0,0
3870,0,0,0,0,0,0
3880,0,0,0,0,0,0
3890,0,0,0,0,0,0
3900,0,0,0,0,0,0
3910,0,0,0,0,0,0
3920,0,0,0,0,0,0
3930,0,0,0,0,0,0
3940,0,0,0,0,0,0
3950,0,0,0,0,0,0
3960,0,0,0,0,0,0
3970,0,0,0,0,0,0
3980,0,0,0,0,0,0
3990,0,0,0,0,0,0
4000,0,0,0,0,0,0
4010,0,0,0,0,0,0
4020,0,0,0,0,0,0
4030,0,0,0,0,0,0
4040,0,0,0,0,0,0
4050,0,0,0,0,0,0
4060,0,0,0,0,0,0
4070,0,0,0,0,0,0
4080,0,0,0,0,0,0
4090,0,0,0,0,0,0
4100,0,0,0,0,0,0
4110,0,0,0,0,0,0
4120,0,0,0,0,0,0
4130,0,0,0,0,0,0
4140,0,0,0,0,0,0
4150,0,0,0,0,0,0
4160,0,0,0,0,0,0
4170,0,0,0,0,0,0
4180,0,0,0,0,0,0
4190,0,0,0,0,0,0
4200,0,0,0,0,0,0
4210,0,0,0,0,0,0
4220,0,0,0,0,0,0
4230,0,0,0,0,0,0
4240,0,0,0,0,0,0
4250,0,0,0,0,0,0
4260,0,0,0,0,0,0
4270,0,0,0,0,0,0
4280,0,0,0,0,0,0
4290,0,0,0,0,0,0
4300,0,0,0,0,0,0
4310,0,0,0,0,0,0
4320,0,0,0,0,0,0
4330,0,0,0,0,0,0
4340,0,0,0,0,0,0
4350,0,0,0,0,0,0
4360,0,0,0,0,0,0
4370,0,0,0,0,0,0
4380,0,0,0,0,0,0
4390,0,0,0,0,0,0
4400,0,0,0,0,0,0
4410,0,0,0,0,0,0
4420,0,0,0,0,0,0
4430,0,0,0,0,0,0
4440,0,0,0,0,0,0
4450,0,0,0,0,0,0
4460,0,0,0,0,0,0
4470,0,0,0,0,0,0
4480,0,0,0,0,0,0
4490,0,0,0,0,0,0
4500,0,0,0,0,0,0
4510,0,0,0,0,0,0
4520,0,0,0,0,0,0
4530,0,0,0,0,0,0
4540,0,0,0,0,0,0
4550,0,0,0,0,0,0
4560,0,0,0,0,0,0
4570,0,0,0,0,0,0
4580,0,0,0,0,0,0
4590,0,0,0,0,0,0
4600,0,0,0,0,0,0
4610,0,0,0,0,0,0
4620,0,0,0,0,0,0
4630,0,0,0,0,0,0
4640,0,0,0,0,0,0
4650,0,0,0,0,0,0
4660,0,0,0,0,0,0
4670,0,0,0,0,0,0
4680,0,0,0,0,0,0
4690,0,0,0,0,0,0
4700,0,0,0,0,0,0
4710,0,0,0,0,0,0
4720,0,0,0,0,0,0
4730,0,0,0,0,0,0
4740,0,0,0,0,0,0
4750,0,0,0,0,0,0
4760,0,0,0,0,0,0
4770,0,0,0,0,0,0
4780,0,0,0,0,0,0
4790,0,0,0,0,0,0
4800,0,0,0,0,0,0
4810,0,0,0,0,0,0
4820,0,0,0,0,0,0
4830,0,0,0,0,0,0
4840,0,0,0,0,0,0
4850,0,0,0,0,0,0
4860,0,0,0,0,0,0
4870,0,0,0,0,0,0
4880,0,0,0,0,0,0
4890,0,0,0,0,0,0
4900,0,0,0,0,0,0
4910,0,0,0,0,0,0
4920,0,0,0,0,0,0
4930,0,0,0,0,0,0
4940,0,0,0,0,0,0
4950,0,0,0,0,0,0
4960,0,0,0,0,0,0
4970,0,0,0,0,0,0
4980,0,0,0,0,0,0
4990,0,0,0,0,0,0
5000,0,0,0,0,0,0
5010,0,0,0,0,0,0
5020,0,0,0,0,0,0
5030,0,0,0,0,0,0
5040,0,0,0,0,0,0
5050,0,0,0,0,0,0
5060,0,0,0,0,0,0
5070,0,0,0,0,0,0
5080,0,0,0,0,0,0
5090,0,0,0,0,0,0
5100,0,0,0,0,0,0
5110,0,0,0,0,0,0
5120,0,0,0,0,0,0
5130,0,0,0,0,0,0
5140,0,0,0,0,0,0
5150,0,0,0,0,0,0
5160,0,0,0,0,0,0
5170,0,0,0,0,0,0
5180,0,0,0,0,0,0
5190,0,0,0,0,0,0
5200,0,0,0,0,0,0
5210,0,0,0,0,0,0
5220,0,0,0,0,0,0
5230,0,0,0,0,0,0
5240,0,0,0,0,0,0
5250,0,0,0,0,0,0
5260,0,0,0,0,0,0
5270,0,0,0,0,0,0
5280,0,0,0,0,0,0
5290,0,0,0,0,0,0
5300,0,0,0,0,0,0
5310,0,0,0,0,0,0
5320,0,0,0,0,0,0
5330,0,0,0,0,0,0
5340,0,0,0,0,0,0
5350,0,0,0,0,0,0
5360,0,0,0,0,0,0
5370,0,0,0,0,0,0
5380,0,0,0,0,0,0
5390,0,0,0,0,0,0
5400,0,0,0,0,0,0
5410,0,0,0,0,0,0
5420,0,0,0,0,0,0
5430,0,0,0,0,0,0
5440,0,0,0,0,0,0
5450,0,0,0,0,0,0
5460,0,0,0,0,0,0
5470,0,0,0,0,0,0
5480,0,0,0,0,0,0
5490,0,0,0,0,0,0
5500,0,0,0,0,0,0
5510,0,0,0,0,0,0
5520,0,0,0,0,0,0
5530,0,0,0,0,0,0
5540,0,0,0,0,0,0
5550,0,0,0,0,0,0
5560,0,0,0,0,0,0
5570,0,0,0,0,0,0
5580,0,0,0,0,0,0
5590,0,0,0,0,0,0
5600,0,0,0,0,0,0
5610,0,0,0,0,0,0
5620,0,0,0,0,0,0
5630,0,0,0,0,0,0
5640,0,0,0,0,0,0
5650,0,0,0,0,0,0
5660,0,0,0,0,0,0
5670,0,0,0,0,0,0
5680,0,0,0,0,0,0
5690,0,0,0,0,0,0
5700,0,0,0,0,0,0
5710,0,0,0,0,0,0
5720,0,0,0,0,0,0
5730,0,0,0,0,0,0
5740,0,0,0,0,0,0
5750,0,0,0,0,0,0
5760,0,0,0,0,0,0
5770,0,0,0,0,0,0
5780,0,0,0,0,0,0
5790,0,0,0,0,0,0
5800,0,0,0,0,0,0
5810,0,0,0,0,0,0
5820,0,0,0,0,0,0
5830,0,0,0,0,0,0
5840,0,0,0,0,0,0
5850,0,0,0,0,0,0
5860,0,0,0,0,0,0
5870,0,0,0,0,0,0
5880,0,0,0,0,0,0
5890,0,0,0,0,0,0
5900,0,0,0,0,0,0
5910,0,0,0,0,0,0
5920,0,0,0,0,0,0
5930,0,0,0,0,0,0
5940,0,0,0,0,0,0
5950,0,0,0,0,0,0
5960,0,0,0,0,0,0
5970,0,0,0,0,0,0
5980,0,0,0,0,0,0
5990,0,0,0,0,0,0
6000,0,0,0,0,0,0
6010,0,0,0,0,0,0
6020,0,0,0,0,0,0
6030,0,0,0,0,0,0
6040,0,0,0,0,0,0
6050,0,0,0,0,0,0
6060,0,0,0,0,0,0
6070,0,0,0,0,0,0
6080,0,0,0,0,0,0
6090,0,0,0,0,0,0
6100,0,0,0,0,0,0
6110,0,0,0,0,0,0
6120,0,0,0,0,0,0
6130,0,0,0,0,0,0
6140,0,0,0,0,0,0
6150,0,0,0,0,0,0
6160,0,0,0,0,0,0
6170,0,0,0,0,0,0
6180,0,0,0,0,0,0
6190,0,0,0,0,0,0
6200,0,0,0,0,0,0
6210,0,0,0,0,0,0
6220,0,0,0,0,0,0
6230,0,0,0,0,0,0
6240,0,0,0,0,0,0
6250,0,0,0,0,0,0
6260,0,0,0,0,0,0
6270,0,0,0,0,0,0
6280,0,0,0,0,0,0
6290,0,0,0,0,0,0
6300,0,0,0,0,0,0
6310,0,0,0,0,0,0
6320,0,0,0,0,0,0
6330,0,0,0,0,0,0
6340,0,0,0,0,0,0
6350,0,0,0,0,0,0
6360,0,0,0,0,0,0
6370,0,0,0,0,0,0
6380,0,0,0,0,0,0
6390,0,0,0,0,0,0
6400,0,0,0,0,0,0
6410,0,0,0,0,0,0
6420,0,0,0,0,0,0
6430,0,0,0,0,0,0
6440,0,0,0,0,0,0
6450,0,0,0,0,0,0
6460,0,0,0,0,0,0
6470,0,0,0,0,0,0
6480,0,0,0,0,0,0
6490,0,0,0,0,0,0
6500,0,0,0,0,0,0
6510,0,0,0,0,0,0
6520,0,0,0,0,0,0
6530,0,0,0,0,0,0
6540,0,0,0,0,0,0
6550,0,0,0,0,0,0
6560,0,0,0,0,0,0
6570,0,0,0,0,0,0
6580,0,0,0,0,0,0
6590,0,0,0,0,0,0
6600,0,0,0,0,0,0
6610,0,0,0,0,0,0
6620,0,0,0,0,0,0
6630,0,0,0,0,0,0
6640,0,0,0,0,0,0
6650,0,0,0,0,0,0
6660,0,0,0,0,0,0
6670,0,0,0,0,0,0
6680,0,0,0,0,0,0
6690,0,0,0,0,0,0
6700,0,0,0,0,0,0
6710,0,0,0,0,0,0
6720,0,0,0,0,0,0
6730,0,0,0,0,0,0
6740,0,0,0,0,0,0
6750,0,0,0,0,0,0
6760,0,0,0,0,0,0
6770,0,0,0,0,0,0
6780,0,0,0,0,0,0
6790,0,0,0,0,0,0
6800,0,0,0,0,0,0
6810,0,0,0,0,0,0
6820,0,0,0,0,0,0
6830,0,0,0,0,0,0
6840,0,0,0,0,0,0
6850,0,0,0,0,0,0
6860,0,0,0,0,0,0
6870,0,0,0,0,0,0
6880,0,0,0,0,0,0
6890,0,0,0,0,0,0
6900,0,0,0,0,0,0
6910,0,0,0,0,0,0
6920,0,0,0,0,0,0
6930,0,0,0,0,0,0
6940,0,0,0,0,0,0
6950,0,0,0,0,0,0
6960,0,0,0,0,0,0
6970,0,0,0,0,0,0
6980,0,0,0,0,0,0
6990,0,0,0,0,0,0
7000,0,0,0,0,0,0
7010,0,0,0,0,0,0
7020,0,0,0,0,0,0
7030,0,0,0,0,0,0
7040,0,0,0,0,0,0
7050,0,0,0,0,0,0
7060,0,0,0,0,0,0
7070,0,0,0,0,0,0
7080,0,0,0,0,0,0
7090,0,0,0,0,0,0
7100,0,0,0,0,0,0
7110,0,0,0,0,0,0
7120,0,0,0,0,0,0
7130,0,0,0,0,0,0
7140,0,0,0,0,0,0
7150,0,0,0,0,0,0
7160,0,0,0,0,0,0
7170,0,0,0,0,0,0
7180,0,0,0,0,0,0
7190,0,0,0,0,0,0
7200,0,0,0,0,0,0
7210,0,0,0,0,0,0
7220,0,0,0,0,0,0
7230,0,0,0,0,0,0
7240,0,0,0,0,0,0
7250,0,0,0,0,0,0
7260,0,0,0,0,0,0
7270,0,0,0,0,0,0
7280,0,0,0,0,0,0
7290,0,0,0,0,0,0
7300,0,0,0,0,0,0
7310,0,0,0,0,0,0
7320,0,0,0,0,0,0
7330,0,0,0,0,0,0
7340,0,0,0,0,0,0
7350,0,0,0,0,0,0
7360,0,0,0,0,0,0
7370,0,0,0,0,0,0
7380,0,0,0,0,0,0
7390,0,0,0,0,0,0
7400,0,0,0,0,0,0
7410,0,0,0,0,0,0
7420,0,0,0,0,0,0
7430,0,0,0,0,0,0
7440,0,0,0,0,0,0
7450,0,0,0,0,0,0
7460,0,0,0,0,0,0
7470,0,0,0,0,0,0
7480,0,0,0,0,0,0
7490,0,0,0,0,0,0
7500,0,0,0,0,0,0
7510,0,0,0,0,0,0
7520,0,0,0,0,0,0
7530,0,0,0,0,0,0
7540,0,0,0,0,0,0
7550,0,0,0,0,0,0
7560,0,0,0,0,0,0
7570,0,0,0,0,0,0
7580,0,0,0,0,0,0
7590,0,0,0,0,0,0
7600,0,0,0,0,0,0
7610,0,0,0,0,0,0
7620,0,0,0,0,0,0
7630,0,0,0,0,0,0
7640,0,0,0,0,0,0
7650,0,0,0,0,0,0
7660,0,0,0,0,0,0
7670,0,0,0,0,0,0
7680,0,0,0,0,0,0
7690,0,0,0,0,0,0
7700,0,0,0,0,0,0
7710,0,0,0,0,0,0
7720,0,0,0,0,0,0
7730,0,0,0,0,0,0
7740,0,0,0,0,0,0
7750,0,0,0,0,0,0
7760,0,0,0,0,0,0
7770,0,0,0,0,0,0
7780,0,0,0,0,0,0
7790,0,0,0,0,0,0
7800,0,0,0,0,0,0
7810,0,0,0,0,0,0
7820,0,0,0,0,0,0
7830,0,0,0,0,0,0
7840,0,0,0,0,0,0
7850,0,0,0,0,0,0
7860,0,0,0,0,0,0
7870,0,0,0,0,0,0
7880,0,0,0,0,0,0
7890,0,0,0,0,0,0
7900,0,0,0,0,0,0
7910,0,0,0,0,0,0
7920,0,0,0,0,0,0
7930,0,0,0,0,0,0
7940,0,0,0,0,0,0
7950,0,0,0,0,0,0
7960,0,0,0,0,0,0
7970,0,0,0,0,0,0
7980,0,0,0,0,0,0
7990,0,0,0,0,0,0
8000,0,0,0,0,0,0
8010,0,0,0,0,0,0
8020,0,0,0,0,0,0
8030,0,0,0,0,0,0
8040,0,0,0,0,0,0
8050,0,0,0,0,0,0
8060,0,0,0,0,0,0
8070,0,0,0,0,0,0
8080,0,0,0,0,0,0
8090,0,0,0,0,0,0
8100,0,0,0,0,0,0
8110,0,0,0,0,0,0
8120,0,0,0,0,0,0
8130,0,0,0,0,0,0
8140,0,0,0,0,0,0
8150,0,0,0,0,0,0
8160,0,0,0,0,0,0
8170,0,0,0,0,0,0
8180,0,0,0,0,0,0
8190,0,0,0,0,0,0
8200,0,0,0,0,0,0
8210,0,0,0,0,0,0
8220,0,0,0,0,0,0
8230,0,0,0,0,0,0
8240,0,0,0,0,0,0
8250,0,0,0,0,0,0
8260,0,0,0,0,0,0
8270,0,0,0,0,0,0
8280,0,0,0,0,0,0
8290,0,0,0,0,0,0
8300,0,0,0,0,0,0
8310,0,0,0,0,0,0
8320,0,0,0,0,0,0
8330,0,0,0,0,0,0
8340,0,0,0,0,0,0
8350,0,0,0,0,0,0
8360,0,0,0,0,0,0
8370,0,0,0,0,0,0
8380,0,0,0,0,0,0
8390,0,0,0,0,0,0
8400,0,0,0,0,0,0
8410,0,0,0,0,0,0
8420,0,0,0,0,0,0
8430,0,0,0,0,0,0
8440,0,0,0,0,0,0
8450,0,0,0,0,0,0
8460,0,0,0,0,0,0
8470,0,0,0,0,0,0
8480,0,0,0,0,0,0
8490,0,0,0,0,0,0
8500,0,0,0,0,0,0
8510,0,0,0,0,0,0
8520,0,0,0,0,0,0
8530,0,0,0,0,0,0
8540,0,0,0,0,0,0
8550,0,0,0,0,0,0
8560,0,0,0,0,0,0
8570,0,0,0,0,0,0
8580,0,0,0,0,0,0
8590,0,0,0,0,0,0
8600,0,0,0,0,0,0
8610,0,0,0,0,0,0
8620,0,0,0,0,0,0
8630,0,0,0,0,0,0
8640,0,0,0,0,0,0
8650,0,0,0,0,0,0
8660,0,0,0,0,0,0
8670,0,0,0,0,0,0
8680,0,0,0,0,0,0
8690,0,0,0,0,0,0
8700,0,0,0,0,0,0
8710,0,0,0,0,0,0
8720,0,0,0,0,0,0
8730,0,0,0,0,0,0
8740,0,0,0,0,0,0
8750,0,0,0,0,0,0
8760,0,0,0,0,0,0
8770,0,0,0,0,0,0
8780,0,0,0,0,0,0
8790,0,0,0,0,0,0
8800,0,0,0,0,0,0
8810,0,0,0,0,0,0
8820,0,0,0,0,0,0
8830,0,0,0,0,0,0
8840,0,0,0,0,0,0
8850,0,0,0,0,0,0
8860,0,0,0,0,0,0
8870,0,0,0,0,0,0
8880,0,0,0,0,0,0
8890,0,0,0,0,0,0
8900,0,0,0,0,0,0
8910,0,0,0,0,0,0
8920,0,0,0,0,0,0
8930,0,0,0,0,0,0
8940,0,0,0,0,0,0
8950,0,0,0,0,0,0
8960,0,0,0,0,0,0
8970,0,0,0,0,0,0
8980,0,0,0,0,0,0
8990,0,0,0,0,0,0
9000,0,0,0,0,0,0
9010,0,0,0,0,0,0
9020,0,0,0,0,0,0
9030,0,0,0,0,0,0
9040,0,0,0,0,0,0
9050,0,0,0,0,0,0
9060,0,0,0,0,0,0
9070,0,0,0,0,0,0
9080,0,0,0,0,0,0
9090,0,0,0,0,0,0
9100,0,0,0,0,0,0
9110,0,0,0,0,0,0
9120,0,0,0,0,0,0
9130,0,0,0,0,0,0
9140,0,0,0,0,0,0
9150,0,0,0,0,0,0
9160,0,0,0,0,0,0
9170,0,0,0,0,0,0
9180,0,0,0,0,0,0
9190,0,0,0,0,0,0
9200,0,0,0,0,0,0
9210,0,0,0,0,0,0
9220,0,0,0,0,0,0
9230,0,0,0,0,0,0
9240,0,0,0,0,0,0
9250,0,0,0,0,0,0
9260,0,0,0,0,0,0
9270,0,0,0,0,0,0
9280,0,0,0,0,0,0
9290,0,0,0,0,0,0
9300,0,0,0,0,0,0
9310,0,0,0,0,0,0
9320,0,0,0,0,0,0
9330,0,0,0,0,0,0
9340,0,0,0,0,0,0
9350,0,0,0,0,0,0
9360,0,0,0,0,0,0
9370,0,0,0,0,0,0
9380,0,0,0,0,0,0
9390,0,0,0,0,0,0
9400,0,0,0,0,0,0
9410,0,0,0,0,0,0
9420,0,0,0,0,0,0
9430,0,0,0,0,0,0
9440,0,0,0,0,0,0
9450,0,0,0,0,0,0
9460,0,0,0,0,0,0
9470,0,0,0,0,0,0
9480,0,0,0,0,0,0
9490,0,0,0,0,0,0
9500,0,0,0,0,0,0
9510,0,0,0,0,0,0
9520,0,0,0,0,0,0
9530,0,0,0,0,0,0
9540,0,0,0,0,0,0
9550,0,0,0,0,0,0
9560,0,0,0,0,0,0
9570,0,0,0,0,0,0
9580,0,0,0,0,0,0
9590,0,0,0,0,0,0
9600,0,0,0,0,0,0
9610,0,0,0,0,0,0
9620,0,0,0,0,0,0
9630,0,0,0,0,0,0
9640,0,0,0,0,0,0
9650,0,0,0,0,0,0
9660,0,0,0,0,0,0
9670,0,0,0,0,0,0
9680,0,0,0,0,0,0
9690,0,0,0,0,0,0
9700,0,0,0,0,0,0
9710,0,0,0,0,0,0
9720,0,0,0,0,0,0
9730,0,0,0,0,0,0
9740,0,0,0,0,0,0
9750,0,0,0,0,0,0
9760,0,0,0,0,0,0
9770,0,0,0,0,0,0
9780,0,0,0,0,0,0
9790,0,0,0,0,0,0
9800,0,0,0,0,0,0
9810,0,0,0,0,0,0
9820,0,0,0,0,0,0
9830,0,0,0,0,0,0
9840,0,0,0,0,0,0
9850,0,0,0,0,0,0
9860,0,0,0,0,0,0
9870,0,0,0,0,0,0
9880,0,0,0,0,0,0
9890,0,0,0,0,0,0
9900,0,0,0,0,0,0
9910,0,0,0,0,0,0
9920,0,0,0,0,0,0
9930,0,0,0,0,0,0
9940,0,0,0,0,0,0
9950,0,0,0,0,0,0
9960,0,0,0,0,0,0
9970,0,0,0,0,0,0
9980,0,0,0,0,0,0
9990,0,0,0,0,0,0
